[
  {"model": "agencies.agency", "pk": "1a1a1a1a-0000-0000-0000-000000000001", "fields": {"name": "Bole Police Station", "type": "police", "description": "Main police station in Bole.", "region": "Addis Ababa", "zone": "Bole", "woreda": "01", "kebele": "01", "phone": "+251114670001", "alt_phone": "", "email": "bolepolice@addispolice.et", "address": "Bole Road, near Edna Mall, Addis Ababa", "latitude": 8.9936, "longitude": 38.7870, "hours_of_operation": "24/7", "services": "Law enforcement, emergency response", "verified": true, "active": true, "created_at": "2024-06-24T12:00:00Z", "updated_at": "2024-06-24T12:00:00Z"}},
  {"model": "agencies.agency", "pk": "1a1a1a1a-0000-0000-0000-000000000002", "fields": {"name": "Bole Subcity Police", "type": "police", "description": "Subcity police office for Bole.", "region": "Addis Ababa", "zone": "Bole", "woreda": "02", "kebele": "03", "phone": "+251114670002", "alt_phone": "", "email": "subcitybole@addispolice.et", "address": "Bole Michael, Addis Ababa", "latitude": 8.9980, "longitude": 38.7895, "hours_of_operation": "24/7", "services": "Law enforcement, community policing", "verified": true, "active": true, "created_at": "2024-06-24T12:00:00Z", "updated_at": "2024-06-24T12:00:00Z"}},
  {"model": "agencies.agency", "pk": "1a1a1a1a-0000-0000-0000-000000000003", "fields": {"name": "Bole General Hospital", "type": "hospital", "description": "Major hospital serving Bole area.", "region": "Addis Ababa", "zone": "Bole", "woreda": "04", "kebele": "05", "phone": "+251114670003", "alt_phone": "", "email": "bolehospital@health.et", "address": "Bole Medhanialem, Addis Ababa", "latitude": 8.9950, "longitude": 38.7800, "hours_of_operation": "24/7", "services": "Emergency, surgery, maternity", "verified": true, "active": true, "created_at": "2024-06-24T12:00:00Z", "updated_at": "2024-06-24T12:00:00Z"}},
  {"model": "agencies.agency", "pk": "1a1a1a1a-0000-0000-0000-000000000004", "fields": {"name": "Hayat Hospital", "type": "hospital", "description": "Private hospital in Bole.", "region": "Addis Ababa", "zone": "Bole", "woreda": "06", "kebele": "07", "phone": "+251114670004", "alt_phone": "", "email": "hayathospital@health.et", "address": "Bole, near Rwanda Embassy, Addis Ababa", "latitude": 8.9910, "longitude": 38.7820, "hours_of_operation": "24/7", "services": "General medicine, emergency", "verified": true, "active": true, "created_at": "2024-06-24T12:00:00Z", "updated_at": "2024-06-24T12:00:00Z"}},
  {"model": "agencies.agency", "pk": "1a1a1a1a-0000-0000-0000-000000000005", "fields": {"name": "Ethiopian Women Lawyers Association (Bole)", "type": "ngo", "description": "Legal support for women in Bole.", "region": "Addis Ababa", "zone": "Bole", "woreda": "08", "kebele": "09", "phone": "+251114670005", "alt_phone": "", "email": "ewla.bole@ngo.et", "address": "Bole, Cameroon Street, Addis Ababa", "latitude": 8.9900, "longitude": 38.7850, "hours_of_operation": "Mon-Fri 9am-5pm", "services": "Legal aid, counseling", "verified": true, "active": true, "created_at": "2024-06-24T12:00:00Z", "updated_at": "2024-06-24T12:00:00Z"}},
  {"model": "agencies.agency", "pk": "1a1a1a1a-0000-0000-0000-000000000006", "fields": {"name": "Organization for Women in Self Employment (Bole)", "type": "ngo", "description": "Empowering women through training and support.", "region": "Addis Ababa", "zone": "Bole", "woreda": "10", "kebele": "11", "phone": "+251114670006", "alt_phone": "", "email": "owse.bole@ngo.et", "address": "Bole, Megenagna, Addis Ababa", "latitude": 8.9960, "longitude": 38.7920, "hours_of_operation": "Mon-Fri 8am-6pm", "services": "Training, microfinance", "verified": true, "active": true, "created_at": "2024-06-24T12:00:00Z", "updated_at": "2024-06-24T12:00:00Z"}},

  {"model": "agencies.agency", "pk": "2b2b2b2b-0000-0000-0000-000000000001", "fields": {"name": "Arada Police Station", "type": "police", "description": "Main police station in Arada.", "region": "Addis Ababa", "zone": "Arada", "woreda": "01", "kebele": "01", "phone": "+251111230001", "alt_phone": "", "email": "aradapolice@addispolice.et", "address": "Piazza, Churchill Ave, Addis Ababa", "latitude": 9.0370, "longitude": 38.7510, "hours_of_operation": "24/7", "services": "Law enforcement, emergency response", "verified": true, "active": true, "created_at": "2024-06-24T12:00:00Z", "updated_at": "2024-06-24T12:00:00Z"}},
  {"model": "agencies.agency", "pk": "2b2b2b2b-0000-0000-0000-000000000002", "fields": {"name": "Arada Subcity Police", "type": "police", "description": "Subcity police office for Arada.", "region": "Addis Ababa", "zone": "Arada", "woreda": "02", "kebele": "03", "phone": "+251111230002", "alt_phone": "", "email": "subcityarada@addispolice.et", "address": "Arada, near St. George Cathedral, Addis Ababa", "latitude": 9.0400, "longitude": 38.7490, "hours_of_operation": "24/7", "services": "Law enforcement, community policing", "verified": true, "active": true, "created_at": "2024-06-24T12:00:00Z", "updated_at": "2024-06-24T12:00:00Z"}},
  {"model": "agencies.agency", "pk": "2b2b2b2b-0000-0000-0000-000000000003", "fields": {"name": "St. Paul's Hospital", "type": "hospital", "description": "Major public hospital in Arada.", "region": "Addis Ababa", "zone": "Arada", "woreda": "04", "kebele": "05", "phone": "+251111230003", "alt_phone": "", "email": "stpauls@health.et", "address": "Gulele Road, Addis Ababa", "latitude": 9.0450, "longitude": 38.7500, "hours_of_operation": "24/7", "services": "Emergency, surgery, maternity", "verified": true, "active": true, "created_at": "2024-06-24T12:00:00Z", "updated_at": "2024-06-24T12:00:00Z"}},
  {"model": "agencies.agency", "pk": "2b2b2b2b-0000-0000-0000-000000000004", "fields": {"name": "Zewditu Memorial Hospital", "type": "hospital", "description": "Public hospital in Arada.", "region": "Addis Ababa", "zone": "Arada", "woreda": "06", "kebele": "07", "phone": "+251111230004", "alt_phone": "", "email": "zewditu@health.et", "address": "Ras Desta Damtew Ave, Addis Ababa", "latitude": 9.0350, "longitude": 38.7470, "hours_of_operation": "24/7", "services": "General medicine, emergency", "verified": true, "active": true, "created_at": "2024-06-24T12:00:00Z", "updated_at": "2024-06-24T12:00:00Z"}},
  {"model": "agencies.agency", "pk": "2b2b2b2b-0000-0000-0000-000000000005", "fields": {"name": "Ethiopian Women Lawyers Association (Arada)", "type": "ngo", "description": "Legal support for women in Arada.", "region": "Addis Ababa", "zone": "Arada", "woreda": "08", "kebele": "09", "phone": "+251111230005", "alt_phone": "", "email": "ewla.arada@ngo.et", "address": "Arada, near Taitu Hotel, Addis Ababa", "latitude": 9.0380, "longitude": 38.7520, "hours_of_operation": "Mon-Fri 9am-5pm", "services": "Legal aid, counseling", "verified": true, "active": true, "created_at": "2024-06-24T12:00:00Z", "updated_at": "2024-06-24T12:00:00Z"}},
  {"model": "agencies.agency", "pk": "2b2b2b2b-0000-0000-0000-000000000006", "fields": {"name": "Organization for Women in Self Employment (Arada)", "type": "ngo", "description": "Empowering women through training and support.", "region": "Addis Ababa", "zone": "Arada", "woreda": "10", "kebele": "11", "phone": "+251111230006", "alt_phone": "", "email": "owse.arada@ngo.et", "address": "Arada, near Ras Hotel, Addis Ababa", "latitude": 9.0410, "longitude": 38.7530, "hours_of_operation": "Mon-Fri 8am-6pm", "services": "Training, microfinance", "verified": true, "active": true, "created_at": "2024-06-24T12:00:00Z", "updated_at": "2024-06-24T12:00:00Z"}},

  {"model": "agencies.agency", "pk": "3c3c3c3c-0000-0000-0000-000000000001", "fields": {"name": "Kirkos Police Station", "type": "police", "description": "Main police station in Kirkos.", "region": "Addis Ababa", "zone": "Kirkos", "woreda": "01", "kebele": "01", "phone": "+251111240001", "alt_phone": "", "email": "kirkospolice@addispolice.et", "address": "Kirkos, near Meskel Square, Addis Ababa", "latitude": 9.0180, "longitude": 38.7570, "hours_of_operation": "24/7", "services": "Law enforcement, emergency response", "verified": true, "active": true, "created_at": "2024-06-24T12:00:00Z", "updated_at": "2024-06-24T12:00:00Z"}},
  {"model": "agencies.agency", "pk": "3c3c3c3c-0000-0000-0000-000000000002", "fields": {"name": "Kirkos Subcity Police", "type": "police", "description": "Subcity police office for Kirkos.", "region": "Addis Ababa", "zone": "Kirkos", "woreda": "02", "kebele": "03", "phone": "+251111240002", "alt_phone": "", "email": "subcitykirkos@addispolice.et", "address": "Kirkos, near Stadium, Addis Ababa", "latitude": 9.0200, "longitude": 38.7590, "hours_of_operation": "24/7", "services": "Law enforcement, community policing", "verified": true, "active": true, "created_at": "2024-06-24T12:00:00Z", "updated_at": "2024-06-24T12:00:00Z"}},
  {"model": "agencies.agency", "pk": "3c3c3c3c-0000-0000-0000-000000000003", "fields": {"name": "Black Lion Hospital", "type": "hospital", "description": "Major referral hospital in Kirkos.", "region": "Addis Ababa", "zone": "Kirkos", "woreda": "04", "kebele": "05", "phone": "+251111240003", "alt_phone": "", "email": "blacklion@health.et", "address": "Kirkos, near Tikur Anbessa, Addis Ababa", "latitude": 9.0170, "longitude": 38.7600, "hours_of_operation": "24/7", "services": "Emergency, surgery, referral", "verified": true, "active": true, "created_at": "2024-06-24T12:00:00Z", "updated_at": "2024-06-24T12:00:00Z"}},
  {"model": "agencies.agency", "pk": "3c3c3c3c-0000-0000-0000-000000000004", "fields": {"name": "St. Gabriel General Hospital", "type": "hospital", "description": "Private hospital in Kirkos.", "region": "Addis Ababa", "zone": "Kirkos", "woreda": "06", "kebele": "07", "phone": "+251111240004", "alt_phone": "", "email": "stgabriel@health.et", "address": "Kirkos, Gabon Street, Addis Ababa", "latitude": 9.0190, "longitude": 38.7610, "hours_of_operation": "24/7", "services": "General medicine, emergency", "verified": true, "active": true, "created_at": "2024-06-24T12:00:00Z", "updated_at": "2024-06-24T12:00:00Z"}},
  {"model": "agencies.agency", "pk": "3c3c3c3c-0000-0000-0000-000000000005", "fields": {"name": "Ethiopian Women Lawyers Association (Kirkos)", "type": "ngo", "description": "Legal support for women in Kirkos.", "region": "Addis Ababa", "zone": "Kirkos", "woreda": "08", "kebele": "09", "phone": "+251111240005", "alt_phone": "", "email": "ewla.kirkos@ngo.et", "address": "Kirkos, near Meskel Flower, Addis Ababa", "latitude": 9.0210, "longitude": 38.7620, "hours_of_operation": "Mon-Fri 9am-5pm", "services": "Legal aid, counseling", "verified": true, "active": true, "created_at": "2024-06-24T12:00:00Z", "updated_at": "2024-06-24T12:00:00Z"}},
  {"model": "agencies.agency", "pk": "3c3c3c3c-0000-0000-0000-000000000006", "fields": {"name": "Organization for Women in Self Employment (Kirkos)", "type": "ngo", "description": "Empowering women through training and support.", "region": "Addis Ababa", "zone": "Kirkos", "woreda": "10", "kebele": "11", "phone": "+251111240006", "alt_phone": "", "email": "owse.kirkos@ngo.et", "address": "Kirkos, near Olympia, Addis Ababa", "latitude": 9.0220, "longitude": 38.7630, "hours_of_operation": "Mon-Fri 8am-6pm", "services": "Training, microfinance", "verified": true, "active": true, "created_at": "2024-06-24T12:00:00Z", "updated_at": "2024-06-24T12:00:00Z"}}
] 